collected_at_utc,character_id,name,num_chats,num_bubbles,num_likes,num_reviews,num_trigger_images,url,counter_1_legacy_num_bubbles,counter_2_legacy_num_likes,comments_legacy_num_reviews
,45714,윤도하,,,,,,https://tingle.chat/chat/characters/45714,,,
,45714,윤도하,,,,,,https://tingle.chat/chat/characters/45714,,,
,45714,윤도하,,,,,,https://tingle.chat/chat/characters/45714,,,
,45714,윤도하,,,,,,https://tingle.chat/chat/characters/45714,,,
,45714,윤도하,,,,,,https://tingle.chat/chat/characters/45714,,,
,45714,윤도하,,,,,,https://tingle.chat/chat/characters/45714,,,
,45714,윤도하,,,,,,https://tingle.chat/chat/characters/45714,,,
,45714,윤도하,,,,,,https://tingle.chat/chat/characters/45714,,,
,45714,윤도하,,,,,,https://tingle.chat/chat/characters/45714,,,
,45714,윤도하,,,,,,https://tingle.chat/chat/characters/45714,,,
,45714,윤도하,,,,,,https://tingle.chat/chat/characters/45714,,,
,45714,윤도하,,,,,,https://tingle.chat/chat/characters/45714,,,
,45714,윤도하,,,,,,https://tingle.chat/chat/characters/45714,,,
,45714,윤도하,,,,,,https://tingle.chat/chat/characters/45714,,,
,45714,윤도하,,,,,,https://tingle.chat/chat/characters/45714,,,
,45714,윤도하,,,,,,https://tingle.chat/chat/characters/45714,,,
,45714,윤도하,,,,,,https://tingle.chat/chat/characters/45714,,,
,45714,윤도하,,,,,,https://tingle.chat/chat/characters/45714,,,
,45714,윤도하,,,,,,https://tingle.chat/chat/characters/45714,,,
,45714,윤도하,,,,,,https://tingle.chat/chat/characters/45714,,,
,45714,윤도하,,,,,,https://tingle.chat/chat/characters/45714,,,
,45714,윤도하,,,,,,https://tingle.chat/chat/characters/45714,,,
,46603,한유건,,,,,,https://tingle.chat/chat/characters/46603,,,
,46604,류하민,,,,,,https://tingle.chat/chat/characters/46604,,,
,45714,윤도하,,,,,,https://tingle.chat/chat/characters/45714,,,
,46603,한유건,,,,,,https://tingle.chat/chat/characters/46603,,,
,46604,류하민,,,,,,https://tingle.chat/chat/characters/46604,,,
,45714,윤도하,,,,,,https://tingle.chat/chat/characters/45714,,,
,46603,한유건,,,,,,https://tingle.chat/chat/characters/46603,,,
,46604,류하민,,,,,,https://tingle.chat/chat/characters/46604,,,
,45714,윤도하,,,,,,https://tingle.chat/chat/characters/45714,,,
,46603,한유건,,,,,,https://tingle.chat/chat/characters/46603,,,
,46604,류하민,,,,,,https://tingle.chat/chat/characters/46604,,,
,45714,윤도하,,,,,,https://tingle.chat/chat/characters/45714,,,
,46603,한유건,,,,,,https://tingle.chat/chat/characters/46603,,,
,46604,류하민,,,,,,https://tingle.chat/chat/characters/46604,,,
,45714,윤도하,,,,,,https://tingle.chat/chat/characters/45714,,,
,46603,한유건,,,,,,https://tingle.chat/chat/characters/46603,,,
,46604,류하민,,,,,,https://tingle.chat/chat/characters/46604,,,
,46691,강해준,,,,,,https://tingle.chat/chat/characters/46691,,,
,46693,서이담,,,,,,https://tingle.chat/chat/characters/46693,,,
,46696,이사야,,,,,,https://tingle.chat/chat/characters/46696,,,
,45714,윤도하,,,,,,https://tingle.chat/chat/characters/45714,,,
,46603,한유건,,,,,,https://tingle.chat/chat/characters/46603,,,
,46604,류하민,,,,,,https://tingle.chat/chat/characters/46604,,,
,46691,강해준,,,,,,https://tingle.chat/chat/characters/46691,,,
,46693,서이담,,,,,,https://tingle.chat/chat/characters/46693,,,
,46696,이사야,,,,,,https://tingle.chat/chat/characters/46696,,,
,45714,윤도하,,,,,,https://tingle.chat/chat/characters/45714,,,
,46603,한유건,,,,,,https://tingle.chat/chat/characters/46603,,,
,46604,류하민,,,,,,https://tingle.chat/chat/characters/46604,,,
,46691,강해준,,,,,,https://tingle.chat/chat/characters/46691,,,
,46693,서이담,,,,,,https://tingle.chat/chat/characters/46693,,,
,46696,이사야,,,,,,https://tingle.chat/chat/characters/46696,,,
,45714,윤도하,,,,,,https://tingle.chat/chat/characters/45714,,,
,46603,한유건,,,,,,https://tingle.chat/chat/characters/46603,,,
,46604,류하민,,,,,,https://tingle.chat/chat/characters/46604,,,
,46691,강해준,,,,,,https://tingle.chat/chat/characters/46691,,,
,46693,서이담,,,,,,https://tingle.chat/chat/characters/46693,,,
,46696,이사야,,,,,,https://tingle.chat/chat/characters/46696,,,
,45714,윤도하,,,,,,https://tingle.chat/chat/characters/45714,,,
,46603,한유건,,,,,,https://tingle.chat/chat/characters/46603,,,
,46604,류하민,,,,,,https://tingle.chat/chat/characters/46604,,,
,46691,강해준,,,,,,https://tingle.chat/chat/characters/46691,,,
,46693,서이담,,,,,,https://tingle.chat/chat/characters/46693,,,
,46696,이사야,,,,,,https://tingle.chat/chat/characters/46696,,,
,45714,윤도하,,,,,,https://tingle.chat/chat/characters/45714,,,
,46603,한유건,,,,,,https://tingle.chat/chat/characters/46603,,,
,46604,류하민,,,,,,https://tingle.chat/chat/characters/46604,,,
,46691,강해준,,,,,,https://tingle.chat/chat/characters/46691,,,
,46693,서이담,,,,,,https://tingle.chat/chat/characters/46693,,,
,46696,이사야,,,,,,https://tingle.chat/chat/characters/46696,,,
,46742,한이든,,,,,,https://tingle.chat/chat/characters/46742,,,
,46743,도재경,,,,,,https://tingle.chat/chat/characters/46743,,,
,46744,유한설,,,,,,https://tingle.chat/chat/characters/46744,,,
,45714,윤도하,,,,,,https://tingle.chat/chat/characters/45714,,,
,46603,한유건,,,,,,https://tingle.chat/chat/characters/46603,,,
,46604,류하민,,,,,,https://tingle.chat/chat/characters/46604,,,
,46691,강해준,,,,,,https://tingle.chat/chat/characters/46691,,,
,46693,서이담,,,,,,https://tingle.chat/chat/characters/46693,,,
,46696,이사야,,,,,,https://tingle.chat/chat/characters/46696,,,
,46742,한이든,,,,,,https://tingle.chat/chat/characters/46742,,,
,46743,도재경,,,,,,https://tingle.chat/chat/characters/46743,,,
,46744,유한설,,,,,,https://tingle.chat/chat/characters/46744,,,
,45714,윤도하,,,,,,https://tingle.chat/chat/characters/45714,,,
,46603,한유건,,,,,,https://tingle.chat/chat/characters/46603,,,
,46604,류하민,,,,,,https://tingle.chat/chat/characters/46604,,,
,46691,강해준,,,,,,https://tingle.chat/chat/characters/46691,,,
,46693,서이담,,,,,,https://tingle.chat/chat/characters/46693,,,
,46696,이사야,,,,,,https://tingle.chat/chat/characters/46696,,,
,46742,한이든,,,,,,https://tingle.chat/chat/characters/46742,,,
,46743,도재경,,,,,,https://tingle.chat/chat/characters/46743,,,
,46744,유한설,,,,,,https://tingle.chat/chat/characters/46744,,,
,45714,윤도하,,,,,,https://tingle.chat/chat/characters/45714,,,
,46603,한유건,,,,,,https://tingle.chat/chat/characters/46603,,,
,46604,류하민,,,,,,https://tingle.chat/chat/characters/46604,,,
,46691,강해준,,,,,,https://tingle.chat/chat/characters/46691,,,
,46693,서이담,,,,,,https://tingle.chat/chat/characters/46693,,,
,46696,이사야,,,,,,https://tingle.chat/chat/characters/46696,,,
,46742,한이든,,,,,,https://tingle.chat/chat/characters/46742,,,
,46743,도재경,,,,,,https://tingle.chat/chat/characters/46743,,,
,46744,유한설,,,,,,https://tingle.chat/chat/characters/46744,,,
,45714,윤도하,,,,,,https://tingle.chat/chat/characters/45714,,,
,46603,한유건,,,,,,https://tingle.chat/chat/characters/46603,,,
,46604,류하민,,,,,,https://tingle.chat/chat/characters/46604,,,
,46691,강해준,,,,,,https://tingle.chat/chat/characters/46691,,,
,46693,서이담,,,,,,https://tingle.chat/chat/characters/46693,,,
,46696,이사야,,,,,,https://tingle.chat/chat/characters/46696,,,
,46742,한이든,,,,,,https://tingle.chat/chat/characters/46742,,,
,46743,도재경,,,,,,https://tingle.chat/chat/characters/46743,,,
,46744,유한설,,,,,,https://tingle.chat/chat/characters/46744,,,
,45714,윤도하,,,,,,https://tingle.chat/chat/characters/45714,,,
,46603,한유건,,,,,,https://tingle.chat/chat/characters/46603,,,
,46604,류하민,,,,,,https://tingle.chat/chat/characters/46604,,,
,46691,강해준,,,,,,https://tingle.chat/chat/characters/46691,,,
,46693,서이담,,,,,,https://tingle.chat/chat/characters/46693,,,
,46696,이사야,,,,,,https://tingle.chat/chat/characters/46696,,,
,46742,한이든,,,,,,https://tingle.chat/chat/characters/46742,,,
,46743,도재경,,,,,,https://tingle.chat/chat/characters/46743,,,
,46744,유한설,,,,,,https://tingle.chat/chat/characters/46744,,,
,45714,윤도하,,,,,,https://tingle.chat/chat/characters/45714,,,
,46603,한유건,,,,,,https://tingle.chat/chat/characters/46603,,,
,46604,류하민,,,,,,https://tingle.chat/chat/characters/46604,,,
,46691,강해준,,,,,,https://tingle.chat/chat/characters/46691,,,
,46693,서이담,,,,,,https://tingle.chat/chat/characters/46693,,,
,46696,이사야,,,,,,https://tingle.chat/chat/characters/46696,,,
,46742,한이든,,,,,,https://tingle.chat/chat/characters/46742,,,
,46743,도재경,,,,,,https://tingle.chat/chat/characters/46743,,,
,46744,유한설,,,,,,https://tingle.chat/chat/characters/46744,,,
,45714,윤도하,,,,,,https://tingle.chat/chat/characters/45714,,,
,46603,한유건,,,,,,https://tingle.chat/chat/characters/46603,,,
,46604,류하민,,,,,,https://tingle.chat/chat/characters/46604,,,
,46691,강해준,,,,,,https://tingle.chat/chat/characters/46691,,,
,46693,서이담,,,,,,https://tingle.chat/chat/characters/46693,,,
,46696,이사야,,,,,,https://tingle.chat/chat/characters/46696,,,
,46742,한이든,,,,,,https://tingle.chat/chat/characters/46742,,,
,46743,도재경,,,,,,https://tingle.chat/chat/characters/46743,,,
,46744,유한설,,,,,,https://tingle.chat/chat/characters/46744,,,
,45714,윤도하,,,,,,https://tingle.chat/chat/characters/45714,,,
,46603,한유건,,,,,,https://tingle.chat/chat/characters/46603,,,
,46604,류하민,,,,,,https://tingle.chat/chat/characters/46604,,,
,46691,강해준,,,,,,https://tingle.chat/chat/characters/46691,,,
,46693,서이담,,,,,,https://tingle.chat/chat/characters/46693,,,
,46696,이사야,,,,,,https://tingle.chat/chat/characters/46696,,,
,46742,한이든,,,,,,https://tingle.chat/chat/characters/46742,,,
,46743,도재경,,,,,,https://tingle.chat/chat/characters/46743,,,
,46744,유한설,,,,,,https://tingle.chat/chat/characters/46744,,,
,45714,윤도하,,,,,,https://tingle.chat/chat/characters/45714,,,
,46603,한유건,,,,,,https://tingle.chat/chat/characters/46603,,,
,46604,류하민,,,,,,https://tingle.chat/chat/characters/46604,,,
,46691,강해준,,,,,,https://tingle.chat/chat/characters/46691,,,
,46693,서이담,,,,,,https://tingle.chat/chat/characters/46693,,,
,46696,이사야,,,,,,https://tingle.chat/chat/characters/46696,,,
,46742,한이든,,,,,,https://tingle.chat/chat/characters/46742,,,
,46743,도재경,,,,,,https://tingle.chat/chat/characters/46743,,,
,46744,유한설,,,,,,https://tingle.chat/chat/characters/46744,,,
,45714,윤도하,,,,,,https://tingle.chat/chat/characters/45714,,,
,46603,한유건,,,,,,https://tingle.chat/chat/characters/46603,,,
,46604,류하민,,,,,,https://tingle.chat/chat/characters/46604,,,
,46691,강해준,,,,,,https://tingle.chat/chat/characters/46691,,,
,46693,서이담,,,,,,https://tingle.chat/chat/characters/46693,,,
,46696,이사야,,,,,,https://tingle.chat/chat/characters/46696,,,
,46742,한이든,,,,,,https://tingle.chat/chat/characters/46742,,,
,46743,도재경,,,,,,https://tingle.chat/chat/characters/46743,,,
,46744,유한설,,,,,,https://tingle.chat/chat/characters/46744,,,
,45714,윤도하,,,,,,https://tingle.chat/chat/characters/45714,,,
,46603,한유건,,,,,,https://tingle.chat/chat/characters/46603,,,
,46604,류하민,,,,,,https://tingle.chat/chat/characters/46604,,,
,46691,강해준,,,,,,https://tingle.chat/chat/characters/46691,,,
,46693,서이담,,,,,,https://tingle.chat/chat/characters/46693,,,
,46696,이사야,,,,,,https://tingle.chat/chat/characters/46696,,,
,46742,한이든,,,,,,https://tingle.chat/chat/characters/46742,,,
,46743,도재경,,,,,,https://tingle.chat/chat/characters/46743,,,
,46744,유한설,,,,,,https://tingle.chat/chat/characters/46744,,,
,45714,윤도하,,,,,,https://tingle.chat/chat/characters/45714,,,
,46603,한유건,,,,,,https://tingle.chat/chat/characters/46603,,,
,46604,류하민,,,,,,https://tingle.chat/chat/characters/46604,,,
,46691,강해준,,,,,,https://tingle.chat/chat/characters/46691,,,
,46693,서이담,,,,,,https://tingle.chat/chat/characters/46693,,,
,46696,이사야,,,,,,https://tingle.chat/chat/characters/46696,,,
,46742,한이든,,,,,,https://tingle.chat/chat/characters/46742,,,
,46743,도재경,,,,,,https://tingle.chat/chat/characters/46743,,,
,46744,유한설,,,,,,https://tingle.chat/chat/characters/46744,,,
,45714,윤도하,,,,,,https://tingle.chat/chat/characters/45714,,,
,46603,한유건,,,,,,https://tingle.chat/chat/characters/46603,,,
,46604,류하민,,,,,,https://tingle.chat/chat/characters/46604,,,
,46691,강해준,,,,,,https://tingle.chat/chat/characters/46691,,,
,46693,서이담,,,,,,https://tingle.chat/chat/characters/46693,,,
,46696,이사야,,,,,,https://tingle.chat/chat/characters/46696,,,
,46742,한이든,,,,,,https://tingle.chat/chat/characters/46742,,,
,46743,도재경,,,,,,https://tingle.chat/chat/characters/46743,,,
,46744,유한설,,,,,,https://tingle.chat/chat/characters/46744,,,
,45714,윤도하,,,,,,https://tingle.chat/chat/characters/45714,,,
,46603,한유건,,,,,,https://tingle.chat/chat/characters/46603,,,
,46604,류하민,,,,,,https://tingle.chat/chat/characters/46604,,,
,46691,강해준,,,,,,https://tingle.chat/chat/characters/46691,,,
,46693,서이담,,,,,,https://tingle.chat/chat/characters/46693,,,
,46696,이사야,,,,,,https://tingle.chat/chat/characters/46696,,,
,46742,한이든,,,,,,https://tingle.chat/chat/characters/46742,,,
,46743,도재경,,,,,,https://tingle.chat/chat/characters/46743,,,
,46744,유한설,,,,,,https://tingle.chat/chat/characters/46744,,,
,45714,윤도하,,,,,,https://tingle.chat/chat/characters/45714,,,
,46603,한유건,,,,,,https://tingle.chat/chat/characters/46603,,,
,46604,류하민,,,,,,https://tingle.chat/chat/characters/46604,,,
,46691,강해준,,,,,,https://tingle.chat/chat/characters/46691,,,
,46693,서이담,,,,,,https://tingle.chat/chat/characters/46693,,,
,46696,이사야,,,,,,https://tingle.chat/chat/characters/46696,,,
,46742,한이든,,,,,,https://tingle.chat/chat/characters/46742,,,
,46743,도재경,,,,,,https://tingle.chat/chat/characters/46743,,,
,46744,유한설,,,,,,https://tingle.chat/chat/characters/46744,,,
,45714,윤도하,,,,,,https://tingle.chat/chat/characters/45714,,,
,46603,한유건,,,,,,https://tingle.chat/chat/characters/46603,,,
,46604,류하민,,,,,,https://tingle.chat/chat/characters/46604,,,
,46691,강해준,,,,,,https://tingle.chat/chat/characters/46691,,,
,46693,서이담,,,,,,https://tingle.chat/chat/characters/46693,,,
,46696,이사야,,,,,,https://tingle.chat/chat/characters/46696,,,
,46742,한이든,,,,,,https://tingle.chat/chat/characters/46742,,,
,46743,도재경,,,,,,https://tingle.chat/chat/characters/46743,,,
,46744,유한설,,,,,,https://tingle.chat/chat/characters/46744,,,
,45714,윤도하,,,,,,https://tingle.chat/chat/characters/45714,,,
,46603,한유건,,,,,,https://tingle.chat/chat/characters/46603,,,
,46604,류하민,,,,,,https://tingle.chat/chat/characters/46604,,,
,46691,강해준,,,,,,https://tingle.chat/chat/characters/46691,,,
,46693,서이담,,,,,,https://tingle.chat/chat/characters/46693,,,
,46696,이사야,,,,,,https://tingle.chat/chat/characters/46696,,,
,46742,한이든,,,,,,https://tingle.chat/chat/characters/46742,,,
,46743,도재경,,,,,,https://tingle.chat/chat/characters/46743,,,
,46744,유한설,,,,,,https://tingle.chat/chat/characters/46744,,,
,45714,윤도하,,,,,,https://tingle.chat/chat/characters/45714,,,
,46603,한유건,,,,,,https://tingle.chat/chat/characters/46603,,,
,46604,류하민,,,,,,https://tingle.chat/chat/characters/46604,,,
,46691,강해준,,,,,,https://tingle.chat/chat/characters/46691,,,
,46693,서이담,,,,,,https://tingle.chat/chat/characters/46693,,,
,46696,이사야,,,,,,https://tingle.chat/chat/characters/46696,,,
,46742,한이든,,,,,,https://tingle.chat/chat/characters/46742,,,
,46743,도재경,,,,,,https://tingle.chat/chat/characters/46743,,,
,46744,유한설,,,,,,https://tingle.chat/chat/characters/46744,,,
,45714,윤도하,,,,,,https://tingle.chat/chat/characters/45714,,,
,46603,한유건,,,,,,https://tingle.chat/chat/characters/46603,,,
,46604,류하민,,,,,,https://tingle.chat/chat/characters/46604,,,
,46691,강해준,,,,,,https://tingle.chat/chat/characters/46691,,,
,46693,서이담,,,,,,https://tingle.chat/chat/characters/46693,,,
,46696,이사야,,,,,,https://tingle.chat/chat/characters/46696,,,
,46742,한이든,,,,,,https://tingle.chat/chat/characters/46742,,,
,46743,도재경,,,,,,https://tingle.chat/chat/characters/46743,,,
,46744,유한설,,,,,,https://tingle.chat/chat/characters/46744,,,
,45714,윤도하,,,,,,https://tingle.chat/chat/characters/45714,,,
,46603,한유건,,,,,,https://tingle.chat/chat/characters/46603,,,
,46604,류하민,,,,,,https://tingle.chat/chat/characters/46604,,,
,46691,강해준,,,,,,https://tingle.chat/chat/characters/46691,,,
,46693,서이담,,,,,,https://tingle.chat/chat/characters/46693,,,
,46696,이사야,,,,,,https://tingle.chat/chat/characters/46696,,,
,46742,한이든,,,,,,https://tingle.chat/chat/characters/46742,,,
,46743,도재경,,,,,,https://tingle.chat/chat/characters/46743,,,
,46744,유한설,,,,,,https://tingle.chat/chat/characters/46744,,,
,45714,윤도하,,,,,,https://tingle.chat/chat/characters/45714,,,
,46603,한유건,,,,,,https://tingle.chat/chat/characters/46603,,,
,46604,류하민,,,,,,https://tingle.chat/chat/characters/46604,,,
,46691,강해준,,,,,,https://tingle.chat/chat/characters/46691,,,
,46693,서이담,,,,,,https://tingle.chat/chat/characters/46693,,,
,46696,이사야,,,,,,https://tingle.chat/chat/characters/46696,,,
,46742,한이든,,,,,,https://tingle.chat/chat/characters/46742,,,
,46743,도재경,,,,,,https://tingle.chat/chat/characters/46743,,,
,46744,유한설,,,,,,https://tingle.chat/chat/characters/46744,,,
,45714,윤도하,,,,,,https://tingle.chat/chat/characters/45714,,,
,46603,한유건,,,,,,https://tingle.chat/chat/characters/46603,,,
,46604,류하민,,,,,,https://tingle.chat/chat/characters/46604,,,
,46691,강해준,,,,,,https://tingle.chat/chat/characters/46691,,,
,46693,서이담,,,,,,https://tingle.chat/chat/characters/46693,,,
,46696,이사야,,,,,,https://tingle.chat/chat/characters/46696,,,
,46742,한이든,,,,,,https://tingle.chat/chat/characters/46742,,,
,46743,도재경,,,,,,https://tingle.chat/chat/characters/46743,,,
,46744,유한설,,,,,,https://tingle.chat/chat/characters/46744,,,
,45714,윤도하,,,,,,https://tingle.chat/chat/characters/45714,,,
,46603,한유건,,,,,,https://tingle.chat/chat/characters/46603,,,
,46604,류하민,,,,,,https://tingle.chat/chat/characters/46604,,,
,46691,강해준,,,,,,https://tingle.chat/chat/characters/46691,,,
,46693,서이담,,,,,,https://tingle.chat/chat/characters/46693,,,
,46696,이사야,,,,,,https://tingle.chat/chat/characters/46696,,,
,46742,한이든,,,,,,https://tingle.chat/chat/characters/46742,,,
,46743,도재경,,,,,,https://tingle.chat/chat/characters/46743,,,
,46744,유한설,,,,,,https://tingle.chat/chat/characters/46744,,,
,45714,윤도하,,,,,,https://tingle.chat/chat/characters/45714,,,
,46603,한유건,,,,,,https://tingle.chat/chat/characters/46603,,,
,46604,류하민,,,,,,https://tingle.chat/chat/characters/46604,,,
,46691,강해준,,,,,,https://tingle.chat/chat/characters/46691,,,
,46693,서이담,,,,,,https://tingle.chat/chat/characters/46693,,,
,46696,이사야,,,,,,https://tingle.chat/chat/characters/46696,,,
,46742,한이든,,,,,,https://tingle.chat/chat/characters/46742,,,
,46743,도재경,,,,,,https://tingle.chat/chat/characters/46743,,,
,46744,유한설,,,,,,https://tingle.chat/chat/characters/46744,,,
,45714,윤도하,,,,,,https://tingle.chat/chat/characters/45714,,,
,46603,한유건,,,,,,https://tingle.chat/chat/characters/46603,,,
,46604,류하민,,,,,,https://tingle.chat/chat/characters/46604,,,
,46691,강해준,,,,,,https://tingle.chat/chat/characters/46691,,,
,46693,서이담,,,,,,https://tingle.chat/chat/characters/46693,,,
,46696,이사야,,,,,,https://tingle.chat/chat/characters/46696,,,
,46742,한이든,,,,,,https://tingle.chat/chat/characters/46742,,,
,46743,도재경,,,,,,https://tingle.chat/chat/characters/46743,,,
,46744,유한설,,,,,,https://tingle.chat/chat/characters/46744,,,
,45714,윤도하,,,,,,https://tingle.chat/chat/characters/45714,,,
,46603,한유건,,,,,,https://tingle.chat/chat/characters/46603,,,
,46604,류하민,,,,,,https://tingle.chat/chat/characters/46604,,,
,46691,강해준,,,,,,https://tingle.chat/chat/characters/46691,,,
,46693,서이담,,,,,,https://tingle.chat/chat/characters/46693,,,
,46696,이사야,,,,,,https://tingle.chat/chat/characters/46696,,,
,46742,한이든,,,,,,https://tingle.chat/chat/characters/46742,,,
,46743,도재경,,,,,,https://tingle.chat/chat/characters/46743,,,
,46744,유한설,,,,,,https://tingle.chat/chat/characters/46744,,,
,45714,윤도하,,,,,,https://tingle.chat/chat/characters/45714,,,
,46603,한유건,,,,,,https://tingle.chat/chat/characters/46603,,,
,46604,류하민,,,,,,https://tingle.chat/chat/characters/46604,,,
,46691,강해준,,,,,,https://tingle.chat/chat/characters/46691,,,
,46693,서이담,,,,,,https://tingle.chat/chat/characters/46693,,,
,46696,이사야,,,,,,https://tingle.chat/chat/characters/46696,,,
,46742,한이든,,,,,,https://tingle.chat/chat/characters/46742,,,
,46743,도재경,,,,,,https://tingle.chat/chat/characters/46743,,,
,46744,유한설,,,,,,https://tingle.chat/chat/characters/46744,,,
,45714,윤도하,,,,,,https://tingle.chat/chat/characters/45714,,,
,46603,한유건,,,,,,https://tingle.chat/chat/characters/46603,,,
,46604,류하민,,,,,,https://tingle.chat/chat/characters/46604,,,
,46691,강해준,,,,,,https://tingle.chat/chat/characters/46691,,,
,46693,서이담,,,,,,https://tingle.chat/chat/characters/46693,,,
,46696,이사야,,,,,,https://tingle.chat/chat/characters/46696,,,
,46742,한이든,,,,,,https://tingle.chat/chat/characters/46742,,,
,46743,도재경,,,,,,https://tingle.chat/chat/characters/46743,,,
,46744,유한설,,,,,,https://tingle.chat/chat/characters/46744,,,
,45714,윤도하,,,,,,https://tingle.chat/chat/characters/45714,,,
,46603,한유건,,,,,,https://tingle.chat/chat/characters/46603,,,
,46604,류하민,,,,,,https://tingle.chat/chat/characters/46604,,,
,46691,강해준,,,,,,https://tingle.chat/chat/characters/46691,,,
,46693,서이담,,,,,,https://tingle.chat/chat/characters/46693,,,
,46696,이사야,,,,,,https://tingle.chat/chat/characters/46696,,,
,46742,한이든,,,,,,https://tingle.chat/chat/characters/46742,,,
,46743,도재경,,,,,,https://tingle.chat/chat/characters/46743,,,
,46744,유한설,,,,,,https://tingle.chat/chat/characters/46744,,,
,45714,윤도하,,,,,,https://tingle.chat/chat/characters/45714,,,
,46603,한유건,,,,,,https://tingle.chat/chat/characters/46603,,,
,46604,류하민,,,,,,https://tingle.chat/chat/characters/46604,,,
,46691,강해준,,,,,,https://tingle.chat/chat/characters/46691,,,
,46693,서이담,,,,,,https://tingle.chat/chat/characters/46693,,,
,46696,이사야,,,,,,https://tingle.chat/chat/characters/46696,,,
,46742,한이든,,,,,,https://tingle.chat/chat/characters/46742,,,
,46743,도재경,,,,,,https://tingle.chat/chat/characters/46743,,,
,46744,유한설,,,,,,https://tingle.chat/chat/characters/46744,,,
,45714,윤도하,,,,,,https://tingle.chat/chat/characters/45714,,,
,46603,한유건,,,,,,https://tingle.chat/chat/characters/46603,,,
,46604,류하민,,,,,,https://tingle.chat/chat/characters/46604,,,
,46691,강해준,,,,,,https://tingle.chat/chat/characters/46691,,,
,46693,서이담,,,,,,https://tingle.chat/chat/characters/46693,,,
,46696,이사야,,,,,,https://tingle.chat/chat/characters/46696,,,
,46742,한이든,,,,,,https://tingle.chat/chat/characters/46742,,,
,46743,도재경,,,,,,https://tingle.chat/chat/characters/46743,,,
,46744,유한설,,,,,,https://tingle.chat/chat/characters/46744,,,
,45714,윤도하,,,,,,https://tingle.chat/chat/characters/45714,,,
,46603,한유건,,,,,,https://tingle.chat/chat/characters/46603,,,
,46604,류하민,,,,,,https://tingle.chat/chat/characters/46604,,,
,46691,강해준,,,,,,https://tingle.chat/chat/characters/46691,,,
,46693,서이담,,,,,,https://tingle.chat/chat/characters/46693,,,
,46696,이사야,,,,,,https://tingle.chat/chat/characters/46696,,,
,46742,한이든,,,,,,https://tingle.chat/chat/characters/46742,,,
,46743,도재경,,,,,,https://tingle.chat/chat/characters/46743,,,
,46744,유한설,,,,,,https://tingle.chat/chat/characters/46744,,,
,45714,윤도하,,,,,,https://tingle.chat/chat/characters/45714,,,
,46603,한유건,,,,,,https://tingle.chat/chat/characters/46603,,,
,46604,류하민,,,,,,https://tingle.chat/chat/characters/46604,,,
,46691,강해준,,,,,,https://tingle.chat/chat/characters/46691,,,
,46693,서이담,,,,,,https://tingle.chat/chat/characters/46693,,,
,46696,이사야,,,,,,https://tingle.chat/chat/characters/46696,,,
,46742,한이든,,,,,,https://tingle.chat/chat/characters/46742,,,
,46743,도재경,,,,,,https://tingle.chat/chat/characters/46743,,,
,46744,유한설,,,,,,https://tingle.chat/chat/characters/46744,,,
,45714,윤도하,,,,,,https://tingle.chat/chat/characters/45714,,,
,46603,한유건,,,,,,https://tingle.chat/chat/characters/46603,,,
,46604,류하민,,,,,,https://tingle.chat/chat/characters/46604,,,
,46691,강해준,,,,,,https://tingle.chat/chat/characters/46691,,,
,46693,서이담,,,,,,https://tingle.chat/chat/characters/46693,,,
,46696,이사야,,,,,,https://tingle.chat/chat/characters/46696,,,
,46742,한이든,,,,,,https://tingle.chat/chat/characters/46742,,,
,46743,도재경,,,,,,https://tingle.chat/chat/characters/46743,,,
,46744,유한설,,,,,,https://tingle.chat/chat/characters/46744,,,
,45714,윤도하,,,,,,https://tingle.chat/chat/characters/45714,,,
,46603,한유건,,,,,,https://tingle.chat/chat/characters/46603,,,
,46604,류하민,,,,,,https://tingle.chat/chat/characters/46604,,,
,46691,강해준,,,,,,https://tingle.chat/chat/characters/46691,,,
,46693,서이담,,,,,,https://tingle.chat/chat/characters/46693,,,
,46696,이사야,,,,,,https://tingle.chat/chat/characters/46696,,,
,46742,한이든,,,,,,https://tingle.chat/chat/characters/46742,,,
,46743,도재경,,,,,,https://tingle.chat/chat/characters/46743,,,
,46744,유한설,,,,,,https://tingle.chat/chat/characters/46744,,,
,45714,윤도하,,,,,,https://tingle.chat/chat/characters/45714,,,
,46603,한유건,,,,,,https://tingle.chat/chat/characters/46603,,,
,46604,류하민,,,,,,https://tingle.chat/chat/characters/46604,,,
,46691,강해준,,,,,,https://tingle.chat/chat/characters/46691,,,
,46693,서이담,,,,,,https://tingle.chat/chat/characters/46693,,,
,46696,이사야,,,,,,https://tingle.chat/chat/characters/46696,,,
,46742,한이든,,,,,,https://tingle.chat/chat/characters/46742,,,
,46743,도재경,,,,,,https://tingle.chat/chat/characters/46743,,,
,46744,유한설,,,,,,https://tingle.chat/chat/characters/46744,,,
,45714,윤도하,,,,,,https://tingle.chat/chat/characters/45714,,,
,46604,류하민,,,,,,https://tingle.chat/chat/characters/46604,,,
,46693,서이담,,,,,,https://tingle.chat/chat/characters/46693,,,
,46696,이사야,,,,,,https://tingle.chat/chat/characters/46696,,,
,46742,한이든,,,,,,https://tingle.chat/chat/characters/46742,,,
,46743,도재경,,,,,,https://tingle.chat/chat/characters/46743,,,
,46744,유한설,,,,,,https://tingle.chat/chat/characters/46744,,,
,45714,윤도하,,,,,,https://tingle.chat/chat/characters/45714,,,
,46604,류하민,,,,,,https://tingle.chat/chat/characters/46604,,,
,46693,서이담,,,,,,https://tingle.chat/chat/characters/46693,,,
,46696,이사야,,,,,,https://tingle.chat/chat/characters/46696,,,
,46742,한이든,,,,,,https://tingle.chat/chat/characters/46742,,,
,46743,도재경,,,,,,https://tingle.chat/chat/characters/46743,,,
,46744,유한설,,,,,,https://tingle.chat/chat/characters/46744,,,
,45714,윤도하,,,,,,https://tingle.chat/chat/characters/45714,,,
,46604,류하민,,,,,,https://tingle.chat/chat/characters/46604,,,
,46693,서이담,,,,,,https://tingle.chat/chat/characters/46693,,,
,46696,이사야,,,,,,https://tingle.chat/chat/characters/46696,,,
,46742,한이든,,,,,,https://tingle.chat/chat/characters/46742,,,
,46743,도재경,,,,,,https://tingle.chat/chat/characters/46743,,,
,46744,유한설,,,,,,https://tingle.chat/chat/characters/46744,,,
,45714,윤도하,,,,,,https://tingle.chat/chat/characters/45714,,,
,46604,류하민,,,,,,https://tingle.chat/chat/characters/46604,,,
,46693,서이담,,,,,,https://tingle.chat/chat/characters/46693,,,
,46696,이사야,,,,,,https://tingle.chat/chat/characters/46696,,,
,46742,한이든,,,,,,https://tingle.chat/chat/characters/46742,,,
,46743,도재경,,,,,,https://tingle.chat/chat/characters/46743,,,
,46744,유한설,,,,,,https://tingle.chat/chat/characters/46744,,,
,45714,윤도하,,,,,,https://tingle.chat/chat/characters/45714,,,
,46604,류하민,,,,,,https://tingle.chat/chat/characters/46604,,,
,46693,서이담,,,,,,https://tingle.chat/chat/characters/46693,,,
,46696,이사야,,,,,,https://tingle.chat/chat/characters/46696,,,
,46742,한이든,,,,,,https://tingle.chat/chat/characters/46742,,,
,46743,도재경,,,,,,https://tingle.chat/chat/characters/46743,,,
,46744,유한설,,,,,,https://tingle.chat/chat/characters/46744,,,
,45714,윤도하,,,,,,https://tingle.chat/chat/characters/45714,,,
,46604,류하민,,,,,,https://tingle.chat/chat/characters/46604,,,
,46693,서이담,,,,,,https://tingle.chat/chat/characters/46693,,,
,46696,이사야,,,,,,https://tingle.chat/chat/characters/46696,,,
,46742,한이든,,,,,,https://tingle.chat/chat/characters/46742,,,
,46743,도재경,,,,,,https://tingle.chat/chat/characters/46743,,,
,46744,유한설,,,,,,https://tingle.chat/chat/characters/46744,,,
,45714,윤도하,,,,,,https://tingle.chat/chat/characters/45714,,,
,46604,류하민,,,,,,https://tingle.chat/chat/characters/46604,,,
,46693,서이담,,,,,,https://tingle.chat/chat/characters/46693,,,
,46696,이사야,,,,,,https://tingle.chat/chat/characters/46696,,,
,46742,한이든,,,,,,https://tingle.chat/chat/characters/46742,,,
,46743,도재경,,,,,,https://tingle.chat/chat/characters/46743,,,
,46744,유한설,,,,,,https://tingle.chat/chat/characters/46744,,,
,45714,윤도하,,,,,,https://tingle.chat/chat/characters/45714,,,
,46604,류하민,,,,,,https://tingle.chat/chat/characters/46604,,,
,46693,서이담,,,,,,https://tingle.chat/chat/characters/46693,,,
,46696,이사야,,,,,,https://tingle.chat/chat/characters/46696,,,
,46742,한이든,,,,,,https://tingle.chat/chat/characters/46742,,,
,46743,도재경,,,,,,https://tingle.chat/chat/characters/46743,,,
,46744,유한설,,,,,,https://tingle.chat/chat/characters/46744,,,
,45714,윤도하,,,,,,https://tingle.chat/chat/characters/45714,,,
,46604,류하민,,,,,,https://tingle.chat/chat/characters/46604,,,
,46693,서이담,,,,,,https://tingle.chat/chat/characters/46693,,,
,46696,이사야,,,,,,https://tingle.chat/chat/characters/46696,,,
,46742,한이든,,,,,,https://tingle.chat/chat/characters/46742,,,
,46743,도재경,,,,,,https://tingle.chat/chat/characters/46743,,,
,46744,유한설,,,,,,https://tingle.chat/chat/characters/46744,,,
,45714,윤도하,,,,,,https://tingle.chat/chat/characters/45714,,,
,46604,류하민,,,,,,https://tingle.chat/chat/characters/46604,,,
,46693,서이담,,,,,,https://tingle.chat/chat/characters/46693,,,
,46696,이사야,,,,,,https://tingle.chat/chat/characters/46696,,,
,46742,한이든,,,,,,https://tingle.chat/chat/characters/46742,,,
,46743,도재경,,,,,,https://tingle.chat/chat/characters/46743,,,
,46744,유한설,,,,,,https://tingle.chat/chat/characters/46744,,,
,45714,윤도하,,,,,,https://tingle.chat/chat/characters/45714,,,
,46604,류하민,,,,,,https://tingle.chat/chat/characters/46604,,,
,46693,서이담,,,,,,https://tingle.chat/chat/characters/46693,,,
,46696,이사야,,,,,,https://tingle.chat/chat/characters/46696,,,
,46742,한이든,,,,,,https://tingle.chat/chat/characters/46742,,,
,46743,도재경,,,,,,https://tingle.chat/chat/characters/46743,,,
,46744,유한설,,,,,,https://tingle.chat/chat/characters/46744,,,
,45714,윤도하,,,,,,https://tingle.chat/chat/characters/45714,,,
,46604,류하민,,,,,,https://tingle.chat/chat/characters/46604,,,
,46693,서이담,,,,,,https://tingle.chat/chat/characters/46693,,,
,46696,이사야,,,,,,https://tingle.chat/chat/characters/46696,,,
,46742,한이든,,,,,,https://tingle.chat/chat/characters/46742,,,
,46743,도재경,,,,,,https://tingle.chat/chat/characters/46743,,,
,46744,유한설,,,,,,https://tingle.chat/chat/characters/46744,,,
,45714,윤도하,,,,,,https://tingle.chat/chat/characters/45714,,,
,46604,류하민,,,,,,https://tingle.chat/chat/characters/46604,,,
,46693,서이담,,,,,,https://tingle.chat/chat/characters/46693,,,
,46696,이사야,,,,,,https://tingle.chat/chat/characters/46696,,,
,46742,한이든,,,,,,https://tingle.chat/chat/characters/46742,,,
,46743,도재경,,,,,,https://tingle.chat/chat/characters/46743,,,
,46744,유한설,,,,,,https://tingle.chat/chat/characters/46744,,,
,45714,윤도하,,,,,,https://tingle.chat/chat/characters/45714,,,
,46604,류하민,,,,,,https://tingle.chat/chat/characters/46604,,,
,46693,서이담,,,,,,https://tingle.chat/chat/characters/46693,,,
,46696,이사야,,,,,,https://tingle.chat/chat/characters/46696,,,
,46742,한이든,,,,,,https://tingle.chat/chat/characters/46742,,,
,46743,도재경,,,,,,https://tingle.chat/chat/characters/46743,,,
,46744,유한설,,,,,,https://tingle.chat/chat/characters/46744,,,
,45714,윤도하,,,,,,https://tingle.chat/chat/characters/45714,,,
,46604,류하민,,,,,,https://tingle.chat/chat/characters/46604,,,
,46693,서이담,,,,,,https://tingle.chat/chat/characters/46693,,,
,46696,이사야,,,,,,https://tingle.chat/chat/characters/46696,,,
,46742,한이든,,,,,,https://tingle.chat/chat/characters/46742,,,
,46743,도재경,,,,,,https://tingle.chat/chat/characters/46743,,,
,46744,유한설,,,,,,https://tingle.chat/chat/characters/46744,,,
,45714,윤도하,,,,,,https://tingle.chat/chat/characters/45714,,,
,46604,류하민,,,,,,https://tingle.chat/chat/characters/46604,,,
,46693,서이담,,,,,,https://tingle.chat/chat/characters/46693,,,
,46696,이사야,,,,,,https://tingle.chat/chat/characters/46696,,,
,46742,한이든,,,,,,https://tingle.chat/chat/characters/46742,,,
,46743,도재경,,,,,,https://tingle.chat/chat/characters/46743,,,
,46744,유한설,,,,,,https://tingle.chat/chat/characters/46744,,,
,45714,윤도하,,,,,,https://tingle.chat/chat/characters/45714,,,
,46604,류하민,,,,,,https://tingle.chat/chat/characters/46604,,,
,46693,서이담,,,,,,https://tingle.chat/chat/characters/46693,,,
,46696,이사야,,,,,,https://tingle.chat/chat/characters/46696,,,
,46742,한이든,,,,,,https://tingle.chat/chat/characters/46742,,,
,46743,도재경,,,,,,https://tingle.chat/chat/characters/46743,,,
,46744,유한설,,,,,,https://tingle.chat/chat/characters/46744,,,
,45714,윤도하,,,,,,https://tingle.chat/chat/characters/45714,,,
,46604,류하민,,,,,,https://tingle.chat/chat/characters/46604,,,
,46693,서이담,,,,,,https://tingle.chat/chat/characters/46693,,,
,46696,이사야,,,,,,https://tingle.chat/chat/characters/46696,,,
,46742,한이든,,,,,,https://tingle.chat/chat/characters/46742,,,
,46743,도재경,,,,,,https://tingle.chat/chat/characters/46743,,,
,46744,유한설,,,,,,https://tingle.chat/chat/characters/46744,,,
,45714,윤도하,,,,,,https://tingle.chat/chat/characters/45714,,,
,46604,류하민,,,,,,https://tingle.chat/chat/characters/46604,,,
,46693,서이담,,,,,,https://tingle.chat/chat/characters/46693,,,
,46696,이사야,,,,,,https://tingle.chat/chat/characters/46696,,,
,46742,한이든,,,,,,https://tingle.chat/chat/characters/46742,,,
,46743,도재경,,,,,,https://tingle.chat/chat/characters/46743,,,
,46744,유한설,,,,,,https://tingle.chat/chat/characters/46744,,,
,45714,윤도하,,,,,,https://tingle.chat/chat/characters/45714,,,
,46604,류하민,,,,,,https://tingle.chat/chat/characters/46604,,,
,46693,서이담,,,,,,https://tingle.chat/chat/characters/46693,,,
,46696,이사야,,,,,,https://tingle.chat/chat/characters/46696,,,
,46742,한이든,,,,,,https://tingle.chat/chat/characters/46742,,,
,46743,도재경,,,,,,https://tingle.chat/chat/characters/46743,,,
,46744,유한설,,,,,,https://tingle.chat/chat/characters/46744,,,
,45714,윤도하,,,,,,https://tingle.chat/chat/characters/45714,,,
,46604,류하민,,,,,,https://tingle.chat/chat/characters/46604,,,
,46693,서이담,,,,,,https://tingle.chat/chat/characters/46693,,,
,46696,이사야,,,,,,https://tingle.chat/chat/characters/46696,,,
,46742,한이든,,,,,,https://tingle.chat/chat/characters/46742,,,
,46743,도재경,,,,,,https://tingle.chat/chat/characters/46743,,,
,46744,유한설,,,,,,https://tingle.chat/chat/characters/46744,,,
,45714,윤도하,,,,,,https://tingle.chat/chat/characters/45714,,,
,46604,류하민,,,,,,https://tingle.chat/chat/characters/46604,,,
,46693,서이담,,,,,,https://tingle.chat/chat/characters/46693,,,
,46696,이사야,,,,,,https://tingle.chat/chat/characters/46696,,,
,46742,한이든,,,,,,https://tingle.chat/chat/characters/46742,,,
,46743,도재경,,,,,,https://tingle.chat/chat/characters/46743,,,
,46744,유한설,,,,,,https://tingle.chat/chat/characters/46744,,,
,45714,윤도하,,,,,,https://tingle.chat/chat/characters/45714,,,
,46604,류하민,,,,,,https://tingle.chat/chat/characters/46604,,,
,46693,서이담,,,,,,https://tingle.chat/chat/characters/46693,,,
,46696,이사야,,,,,,https://tingle.chat/chat/characters/46696,,,
,46742,한이든,,,,,,https://tingle.chat/chat/characters/46742,,,
,46743,도재경,,,,,,https://tingle.chat/chat/characters/46743,,,
,46744,유한설,,,,,,https://tingle.chat/chat/characters/46744,,,
,45714,윤도하,,,,,,https://tingle.chat/chat/characters/45714,,,
,46604,류하민,,,,,,https://tingle.chat/chat/characters/46604,,,
,46693,서이담,,,,,,https://tingle.chat/chat/characters/46693,,,
,46696,이사야,,,,,,https://tingle.chat/chat/characters/46696,,,
,46742,한이든,,,,,,https://tingle.chat/chat/characters/46742,,,
,46743,도재경,,,,,,https://tingle.chat/chat/characters/46743,,,
,46744,유한설,,,,,,https://tingle.chat/chat/characters/46744,,,
,45714,윤도하,,,,,,https://tingle.chat/chat/characters/45714,,,
,46604,류하민,,,,,,https://tingle.chat/chat/characters/46604,,,
,46693,서이담,,,,,,https://tingle.chat/chat/characters/46693,,,
,46696,이사야,,,,,,https://tingle.chat/chat/characters/46696,,,
,46742,한이든,,,,,,https://tingle.chat/chat/characters/46742,,,
,46743,도재경,,,,,,https://tingle.chat/chat/characters/46743,,,
,46744,유한설,,,,,,https://tingle.chat/chat/characters/46744,,,
,45714,윤도하,,,,,,https://tingle.chat/chat/characters/45714,,,
,46604,류하민,,,,,,https://tingle.chat/chat/characters/46604,,,
,46693,서이담,,,,,,https://tingle.chat/chat/characters/46693,,,
,46696,이사야,,,,,,https://tingle.chat/chat/characters/46696,,,
,46742,한이든,,,,,,https://tingle.chat/chat/characters/46742,,,
,46743,도재경,,,,,,https://tingle.chat/chat/characters/46743,,,
,46744,유한설,,,,,,https://tingle.chat/chat/characters/46744,,,
,45714,윤도하,,,,,,https://tingle.chat/chat/characters/45714,,,
,46604,류하민,,,,,,https://tingle.chat/chat/characters/46604,,,
,46693,서이담,,,,,,https://tingle.chat/chat/characters/46693,,,
,46696,이사야,,,,,,https://tingle.chat/chat/characters/46696,,,
,46742,한이든,,,,,,https://tingle.chat/chat/characters/46742,,,
,46743,도재경,,,,,,https://tingle.chat/chat/characters/46743,,,
,46744,유한설,,,,,,https://tingle.chat/chat/characters/46744,,,
,45714,윤도하,,,,,,https://tingle.chat/chat/characters/45714,,,
,46604,류하민,,,,,,https://tingle.chat/chat/characters/46604,,,
,46693,서이담,,,,,,https://tingle.chat/chat/characters/46693,,,
,46696,이사야,,,,,,https://tingle.chat/chat/characters/46696,,,
,46742,한이든,,,,,,https://tingle.chat/chat/characters/46742,,,
,46743,도재경,,,,,,https://tingle.chat/chat/characters/46743,,,
,46744,유한설,,,,,,https://tingle.chat/chat/characters/46744,,,
,45714,윤도하,,,,,,https://tingle.chat/chat/characters/45714,,,
,46604,류하민,,,,,,https://tingle.chat/chat/characters/46604,,,
,46693,서이담,,,,,,https://tingle.chat/chat/characters/46693,,,
,46696,이사야,,,,,,https://tingle.chat/chat/characters/46696,,,
,46742,한이든,,,,,,https://tingle.chat/chat/characters/46742,,,
,46743,도재경,,,,,,https://tingle.chat/chat/characters/46743,,,
,46744,유한설,,,,,,https://tingle.chat/chat/characters/46744,,,
,45714,윤도하,,,,,,https://tingle.chat/chat/characters/45714,,,
,46604,류하민,,,,,,https://tingle.chat/chat/characters/46604,,,
,46693,서이담,,,,,,https://tingle.chat/chat/characters/46693,,,
,46696,이사야,,,,,,https://tingle.chat/chat/characters/46696,,,
,46742,한이든,,,,,,https://tingle.chat/chat/characters/46742,,,
,46743,도재경,,,,,,https://tingle.chat/chat/characters/46743,,,
,46744,유한설,,,,,,https://tingle.chat/chat/characters/46744,,,
,45714,윤도하,,,,,,https://tingle.chat/chat/characters/45714,,,
,46604,류하민,,,,,,https://tingle.chat/chat/characters/46604,,,
,46693,서이담,,,,,,https://tingle.chat/chat/characters/46693,,,
,46696,이사야,,,,,,https://tingle.chat/chat/characters/46696,,,
,46742,한이든,,,,,,https://tingle.chat/chat/characters/46742,,,
,46743,도재경,,,,,,https://tingle.chat/chat/characters/46743,,,
,46744,유한설,,,,,,https://tingle.chat/chat/characters/46744,,,
2026-08-09T11:20:30.254Z,45714,윤도하,3,2230,1,0,14,https://tingle.chat/chat/characters/45714,,,
2026-08-09T11:20:30.254Z,46604,류하민,4,30,1,0,14,https://tingle.chat/chat/characters/46604,,,
2026-08-09T11:20:30.254Z,46693,서이담,0,0,0,0,14,https://tingle.chat/chat/characters/46693,,,
2026-08-09T11:20:30.254Z,46696,이사야,0,0,0,0,14,https://tingle.chat/chat/characters/46696,,,
2026-08-09T11:20:30.254Z,46742,한이든,1,8,0,0,14,https://tingle.chat/chat/characters/46742,,,
2026-08-09T11:20:30.254Z,46743,도재경,0,0,0,0,14,https://tingle.chat/chat/characters/46743,,,
2026-08-09T11:20:30.254Z,46744,유한설,1,10,0,0,14,https://tingle.chat/chat/characters/46744,,,
2026-08-09T11:20:30.254Z,51025,서도겸,0,0,0,0,0,https://tingle.chat/chat/characters/51025,,,
2026-08-09T11:24:17.400Z,45714,윤도하,3,2230,1,0,14,https://tingle.chat/chat/characters/45714,,,
2026-08-09T11:24:17.400Z,46604,류하민,4,30,1,0,14,https://tingle.chat/chat/characters/46604,,,
2026-08-09T11:24:17.400Z,46693,서이담,0,0,0,0,14,https://tingle.chat/chat/characters/46693,,,
2026-08-09T11:24:17.400Z,46696,이사야,0,0,0,0,14,https://tingle.chat/chat/characters/46696,,,
2026-08-09T11:24:17.400Z,46742,한이든,1,8,0,0,14,https://tingle.chat/chat/characters/46742,,,
2026-08-09T11:24:17.400Z,46743,도재경,0,0,0,0,14,https://tingle.chat/chat/characters/46743,,,
2026-08-09T11:24:17.400Z,46744,유한설,1,10,0,0,14,https://tingle.chat/chat/characters/46744,,,
2026-08-09T11:24:17.400Z,51025,서도겸,0,0,0,0,3,https://tingle.chat/chat/characters/51025,,,
